"PY","AU","TI","Date Added","Date Modified","Access Date","Pages","Num Pages","Issue","Volume","Number Of Volumes","Journal Abbreviation","Short Title","Series","Series Number","Series Text","Series Title","Publisher","Place","Language","Rights","Type","Archive","Archive Location","Library Catalog","Call Number","Extra","Notes","File Attachments","Link Attachments","Manual Tags","Automatic Tags","Editor","Series Editor","Translator","Contributor","Attorney Agent","Book Author","Cast Member","Commenter","Composer","Cosponsor","Counsel","Interviewer","Producer","Recipient","Reviewed Author","Scriptwriter","Words By","Guest","Number","Edition","Running Time","Scale","Medium","Artwork Size","Filing Date","Application Number","Assignee","Issuing Authority","Country","Meeting Name","Conference Name","Court","References","Reporter","Legal Status","Priority Numbers","Programming Language","Version","System","Code","Code Number","Section","Session","Committee","History","Legislative Body"
"1990","International Organization for Migration; Office of the United Nations High Commissioner for Refugees","Joint IOM","2017-08-31 11:21:20","2017-08-31 11:21:20",,,,,,,,,,,,,"IOM : UNHCR","Geneva","English",,,,,"Open WorldCat",,"OCLC: 822547983",,,,,,,,,,,,,,,,,,,,,,,,,,,,,,,,,,,,,,,,,,,,,,,,,,,
"1990","International Organization for Migration","Background document for the Ninth IOM Seminar on Migration: South-North migration, 4-6 December 1990, Geneva.","2017-08-31 11:21:49","2017-08-31 11:21:49",,,,,,,,"Background document for the Ninth IOM Seminar on Migration",,,,,"IOM","Geneva","English",,,,,"Open WorldCat",,"OCLC: 822539961",,,,,,,,,,,,,,,,,,,,,,,,,,,,,,,,,,,,,,,,,,,,,,,,,,,
"1990","International Organization for Migration; Library; International Organization for Migration; Department of Policy planning, Research and Evaluation","IOM library catalogue: sorted alphabetically by country with subject index and annotations.","2017-08-31 11:23:18","2017-08-31 11:23:18",,,,,,,,"IOM library catalogue",,,,,"International Organization for Migration (IOM), Dept. of Policy Planning, Research and Evaluation","Geneva, Switzerland","English",,,,,"Open WorldCat",,"OCLC: 24073517",,,,,,,,,,,,,,,,,,,,,,,,,,,,,,,,,,,,,,,,,,,,,,,,,,,
"1990","International Organization for Migration; Library; International Organization for Migration; Department of Policy planning, Research and Evaluation","IOM library catalogue sorted alphabetically by country with subject index and annotations.","2017-08-31 11:23:18","2017-08-31 11:23:18",,,,,,,,,,,,,"International Organization for Migration (IOM), Dept. of Policy Planning, Research and Evaluation","Geneva, Switzerland","English",,,,,"Open WorldCat",,"OCLC: 1000384960",,,,,,,,,,,,,,,,,,,,,,,,,,,,,,,,,,,,,,,,,,,,,,,,,,,
"1991","International Organization for Migration","South-North migration: Report of the 9th IOM seminar, Geneva, 4-6 December 1990.","2017-08-31 11:21:49","2017-08-31 11:21:49",,,,,,,,"South-North migration",,,,,"IOM","Geneva","English",,,,,"Open WorldCat",,"OCLC: 822539881",,,,,,,,,,,,,,,,,,,,,,,,,,,,,,,,,,,,,,,,,,,,,,,,,,,
"1991","International Organization for Migration; Library; International Organization for Migration; Department of Polilcy Planning, Research and Evaluation","IOM library catalogue: sorted by country with subject index and annotations : documents and books received between May 1990 and June 1991.","2017-08-31 11:24:13","2017-08-31 11:24:13",,,,,,,,"IOM library catalogue",,,,,"International Organization for Migration, Dept. of Policy Planning, Research and Evaluation","Geneva, Switzerland","English",,,,,"Open WorldCat",,"OCLC: 37623546",,,,,,,,,,,,,,,,,,,,,,,,,,,,,,,,,,,,,,,,,,,,,,,,,,,
"1992",,"Migration and the environment.","2017-08-31 11:19:42","2017-08-31 11:19:42",,,,,,,,,,,,,"IOM ;","Geneva]; RPG","English",,,,,"Open WorldCat",,"OCLC: 27458128",,,,,,"International Organization for Migration; Refugee Policy Group",,,,,,,,,,,,,,,,,,,,,,,,,,,,,,,,,,,,,,,,,,,,,
"1992","International Organization for Migration","Migration and migration policy: Seminar, Moscow, 13-17 July 1992.","2017-08-31 11:21:20","2017-08-31 11:21:20",,,,,,,,"Migration and migration policy",,,,,"IOM","Geneva","English",,,,,"Open WorldCat",,"OCLC: 822538983",,,,,,,,,,,,,,,,,,,,,,,,,,,,,,,,,,,,,,,,,,,,,,,,,,,
"1992",,"Seminar 'Migration and migration policy'.","2017-08-31 11:21:20","2017-08-31 11:21:20",,,,,,,,,,,,,"International Organization for Migration","Moscow","English",,,,,"Open WorldCat",,"OCLC: 863594535",,,,,,"International Organization for Migration; IOM Seminar ""Migration and Migration Policy""",,,,,,,,,,,,,,,,,,,,,,,,,,,,,,,,,,,,,,,,,,,,,
"1992","International Organization for Migration","Policies and practices with respect to rejected asylum seekers.","2017-08-31 11:24:13","2017-08-31 11:24:13",,,,,,,,,,,,,"IOM","Geneva","English",,,,,"Open WorldCat",,"OCLC: 822543378",,,,,,,,,,,,,,,,,,,,,,,,,,,,,,,,,,,,,,,,,,,,,,,,,,,
"1992","International Organization for Migration","Politiques et pratiques visant les demandeurs d'asile déboutés.","2017-08-31 11:26:09","2017-08-31 11:26:09",,,,,,,,,,,,,"Organisation Internationale pour les Migrations (OIM)","Genève","French",,,,,"Open WorldCat",,"OCLC: 822539075",,,,,,,,,,,,,,,,,,,,,,,,,,,,,,,,,,,,,,,,,,,,,,,,,,,
"1993","International Organization for Migration","Transit migration in Romania.","2017-08-31 11:21:49","2017-08-31 11:21:49",,,,,,,,,,,,,"International Organization for Migration","Geneva?","English",,,,,"Open WorldCat",,"OCLC: 82135272",,,,,,,,,,,,,,,,,,,,,,,,,,,,,,,,,,,,,,,,,,,,,,,,,,,
"1994","International Organization for Migration","International response to trafficking in migrants and safeguarding of migrant rights.","2017-08-31 11:25:32","2017-08-31 11:25:32",,,,,,,,,,,,,"IOM","Geneva","English",,,,,"Open WorldCat",,"OCLC: 822543514",,,,,,,,,,,,,,,,,,,,,,,,,,,,,,,,,,,,,,,,,,,,,,,,,,,
"1996","International Organization for Migration","IOM","2017-08-31 11:21:20","2017-08-31 11:21:20",,,,,,,,,,,,,"IOM","Geneva","English",,,,,"Open WorldCat",,"OCLC: 822536855",,,,,,,,,,,,,,,,,,,,,,,,,,,,,,,,,,,,,,,,,,,,,,,,,,,
"1996","International Organization for Migration; Refugee Policy Group; Office of the United Nations High Commissioner for Refugees","Environmentally-induced population displacements and environmental impacts resulting from mass migrations: International Symposium, Geneva 21-24 April 1996.","2017-08-31 11:21:20","2017-08-31 11:21:20",,,,,,,,"Environmentally-induced population displacements and environmental impacts resulting from mass migrations",,,,,"IOM","Geneva","English",,,,,"Open WorldCat",,"OCLC: 822547611",,,,,,,,,,,,,,,,,,,,,,,,,,,,,,,,,,,,,,,,,,,,,,,,,,,
"1996","International Organization for Migration","IOM policy concerning its assistance to unsuccessful asylum seekers and irregular migrants returning to their country of origin.","2017-08-31 11:21:49","2017-08-31 11:21:49",,,,,,,,,,,,,"IOM","Geneva","English",,,,,"Open WorldCat",,"OCLC: 822543346",,,,,,,,,,,,,,,,,,,,,,,,,,,,,,,,,,,,,,,,,,,,,,,,,,,
"1996","International Organization for Migration; Office of the United Nations High Commissioner for Refugees","IOM and UNHCR 1996 joint appeal: follow-up to the conference to address the problems of refugees, displaced persons, other forms of involuntary displacement and returnees in the countries of the Commonwealth of Independent States and relevant neighbouring states.","2017-08-31 11:24:13","2017-08-31 11:24:13",,,,,,,,"IOM and UNHCR 1996 joint appeal",,,,,"UNHCR : IOM","Geneva","English",,,,,"Open WorldCat",,"OCLC: 822546328",,,,,,,,,,,,,,,,,,,,,,,,,,,,,,,,,,,,,,,,,,,,,,,,,,,
"1996","International Organization for Migration; Office of the United Nations High Commissioner for Refugees","1997 national implementation plan: Azerbaijan.","2017-08-31 11:24:13","2017-08-31 11:24:13",,,,,,,,"1997 national implementation plan",,,,,"UNHCR : IOM","Geneva","English",,,,,"Open WorldCat",,"OCLC: 822547745",,,,,,,,,,,,,,,,,,,,,,,,,,,,,,,,,,,,,,,,,,,,,,,,,,,
"1996","International Organization for Migration; Office of the United Nations High Commissioner for Refugees","UNHCR","2017-08-31 11:25:32","2017-08-31 11:25:32",,,,,,,,,,,,,"UNHCR : IOM","Geneva","English",,,,,"Open WorldCat",,"OCLC: 822546343",,,,,,,,,,,,,,,,,,,,,,,,,,,,,,,,,,,,,,,,,,,,,,,,,,,
"1996","International Organization for Migration; Organization for Security and Co-operation in Europe; Office of the United Nations High Commissioner for Refugees","Report to the regional conference to address the problems of refugees, displaced persons, other forms of involuntary displacement and returnees in the countries of the Commonweatlth of Independent States and relevant neighbouring States.","2017-08-31 11:25:32","2017-08-31 11:25:32",,,,,,,,,,,,,"UNHCR : IOM","Geneva","English",,,,,"Open WorldCat",,"OCLC: 822547938",,,,,,,,,,,,,,,,,,,,,,,,,,,,,,,,,,,,,,,,,,,,,,,,,,,
"1997","International Organization for Migration","Internally displaced persons: IOM policy and programmes.","2017-08-31 11:18:51","2017-08-31 11:18:51",,,,,,,,"Internally displaced persons",,,,,"International Organization for Migration","Geneva","English",,,,,"Open WorldCat",,"OCLC: 60597404",,,,,,,,,,,,,,,,,,,,,,,,,,,,,,,,,,,,,,,,,,,,,,,,,,,
"1997","International Organization for Migration","Report of the IOM initial assessment mission for Somalia return program potential, 1 December 1996 to 7 January 1997.","2017-08-31 11:24:13","2017-08-31 11:24:13",,,,,,,,,,,,,"IOM","Geneva","English",,,,,"Open WorldCat",,"OCLC: 37249809",,,,,,,,,,,,,,,,,,,,,,,,,,,,,,,,,,,,,,,,,,,,,,,,,,,
"1998","International Organization for Migration","Gender mainstreaming in IOM: policy, strategy and programme activities.","2017-08-31 11:21:49","2017-08-31 11:21:49",,,,,,,,"Gender mainstreaming in IOM",,,,,"International Organization for Migration (IOM)","Geneva, Switzerland","English",,,,,"Open WorldCat",,"OCLC: 318943257",,,,,,,,,,,,,,,,,,,,,,,,,,,,,,,,,,,,,,,,,,,,,,,,,,,
"1999","International Organization for Migration; International Centre for Migration Policy Development","Migration in Central and Eastern Europe.","2017-08-31 11:19:42","2017-08-31 11:19:42",,,,,,,,,,,,,,,"English",,,,,"Open WorldCat",,"OCLC: 44171261",,,,,,,,,,,,,,,,,,,,,,,,,,,,,,,,,,,,,,,,,,,,,,,,,,,
"1999",,"IOM Regional Seminar on Migrant Trafficking Through the Baltic States and Neighboring Countries, 17-18 September 1998, Vilnius, Lithuania: report.","2017-08-31 11:20:50","2017-08-31 11:20:50",,,,,,,,"IOM Regional Seminar on Migrant Trafficking Through the Baltic States and Neighboring Countries, 17-18 September 1998, Vilnius, Lithuania",,,,,"International Organization for Migration (IOM)","Helsinki","English",,,,,"Open WorldCat",,"OCLC: 46671277",,,,,,"IOM Regional Seminar on Migrant Trafficking Through the Baltic States and Neighboring Countries; International Organization for Migration",,,,,,,,,,,,,,,,,,,,,,,,,,,,,,,,,,,,,,,,,,,,,
"2000","International Organization for Migration; Institutional Strengthening on Migration Management in the Baltic Countries (Project)","Managing migration in the Baltic states in the framework of the EU enlargement process","2017-08-31 11:20:50","2017-08-31 11:20:50",,,,,,,,,,,,,"IOM","Helsinki","English",,,,,"Open WorldCat",,"OCLC: 847326281",,,,,,,,,,,,,,,,,,,,,,,,,,,,,,,,,,,,,,,,,,,,,,,,,,,
"2001","International Organization for Migration","Trafficking in women and children from the Republic of Armenia: a study.","2017-08-31 11:21:20","2017-08-31 11:21:20",,,,,,,,"Trafficking in women and children from the Republic of Armenia",,,,,"IOM International Organization for Migration","Yerevan, Republic of Armenia","English",,,,,"Open WorldCat",,"OCLC: 82228466",,,,,,,,,,,,,,,,,,,,,,,,,,,,,,,,,,,,,,,,,,,,,,,,,,,
"2001","International Organization for Migration; Inter-American Development Bank; UNFPA; Latin American Demographic Centre. Population Division; UN. ECLAC","Resumen y aspectos destacados del Simposio sobre Migración Internacional en las Americas","2017-08-31 11:21:20","2017-08-31 11:21:20",,,,,,,,,,,,,"Naciones Unidas, CEPAL : ENUAP : IOM : BID","Santiago","Spanish",,,,,"Open WorldCat",,"OCLC: 153308044",,,,,,,,,,,,,,,,,,,,,,,,,,,,,,,,,,,,,,,,,,,,,,,,,,,
"2001","International Organization for Migration; UN","World migration report 2000.","2017-08-31 11:22:21","2017-08-31 11:22:21",,,,,,,,,,,,,"International Organization for Migration ; UN","Geneva]; [New York","English",,,,,"Open WorldCat",,"OCLC: 79303461",,,,,,,,,,,,,,,,,,,,,,,,,,,,,,,,,,,,,,,,,,,,,,,,,,,
"2002","International Organization for Migration; Migration Policy and Research Programme","International dialogue on migration.","2017-08-31 11:18:51","2017-08-31 11:18:51",,,,,,,,,,,,,"International Organization for Migration, Migration policy and Research Programme","Geneva, Switzerland","English",,,,,"Open WorldCat",,"OCLC: 318934293",,,,,,,,,,,,,,,,,,,,,,,,,,,,,,,,,,,,,,,,,,,,,,,,,,,
"2002","International Organization for Migration; International dialogue on migration","International dialogue on migration series","2017-08-31 11:19:42","2017-08-31 11:19:42",,,,,,,,,,,,,"International Organization for Migration (IOM)","Geneva","English",,,,,"Open WorldCat",,"OCLC: 819135796",,,,,,,,,,,,,,,,,,,,,,,,,,,,,,,,,,,,,,,,,,,,,,,,,,,
"2002","International Organization for Migration","IOM - OIM: International Organization for Migration","2017-08-31 11:21:49","2017-08-31 11:21:49",,,,,,,,"IOM - OIM",,,,,"International Organization for Migration","Switzerland","English",,,,,"Open WorldCat",,"OCLC: 439382043",,,,,,,,,,,,,,,,,,,,,,,,,,,,,,,,,,,,,,,,,,,,,,,,,,,
"2002","International Organization for Migration","Migration-development nexus: evidence and policy options.","2017-08-31 11:22:21","2017-08-31 11:22:21",,,,,,,,"Migration-development nexus",,,,,"IOM","Place of publication not identified","English",,,,,"Open WorldCat",,"OCLC: 656141451",,,,,,,,,,,,,,,,,,,,,,,,,,,,,,,,,,,,,,,,,,,,,,,,,,,
"2002","International Organization for Migration","The state of migration management in Central America: an applied research","2017-08-31 11:22:41","2017-08-31 11:22:41",,,,,,,,"The state of migration management in Central America",,,,,"International Organization for Migration","Geneva, Switzerland","English",,,,,"Open WorldCat",,"OCLC: 77015897",,,,,,,,,,,,,,,,,,,,,,,,,,,,,,,,,,,,,,,,,,,,,,,,,,,
"2002","International Organization for Migration; Migration Policy and Research Programme","Compendium of intergovernmental organizations active in the field of migration.","2017-08-31 11:22:41","2017-08-31 11:22:41",,,,,,,,,,,,,"International Organization for Migration, Migration Policy and Research Programme","Geneva, Switzerland","English",,,,,"Open WorldCat",,"OCLC: 224463405",,,,,,,,,,,,,,,,,,,,,,,,,,,,,,,,,,,,,,,,,,,,,,,,,,,
"2002","International Organization for Migration","Irregular migration and smuggling of migrants from the Armenia.","2017-08-31 11:22:41","2017-08-31 11:22:41",,,,,,,,,,,,,"IOM International Organization for Migration","Yerevan, Republic of Armenia","English",,,,,"Open WorldCat",,"OCLC: 525013522",,,,,,,,,,,,,,,,,,,,,,,,,,,,,,,,,,,,,,,,,,,,,,,,,,,
"2002","International Organization for Migration","Binational study: the state of migration flows between Costa Rica and Nicaragua","2017-08-31 11:23:18","2017-08-31 11:23:18",,,,,,,,"Binational study",,,,,"International Organization for Migration","Geneva, Switerland","English",,,,,"Open WorldCat",,"OCLC: 77015900",,,,,,,,,,,,,,,,,,,,,,,,,,,,,,,,,,,,,,,,,,,,,,,,,,,
"2002",,"Human rights and migration management: developments in the Baltic states in the context of preparations for EU accession.","2017-08-31 11:23:18","2017-08-31 11:23:18",,,,,,,,"Human rights and migration management",,,,,"International Organization for Migration, Regional Office for the Baltic and Nordic Countries","Helsinki, Finland","English",,,,,"Open WorldCat",,"OCLC: 81148498",,,,,,"International Organization for Migration; Regional Office for the Baltic and Nordic Countries",,,,,,,,,,,,,,,,,,,,,,,,,,,,,,,,,,,,,,,,,,,,,
"2003","International Organization for Migration","Migration policy issues","2017-08-31 11:18:51","2017-08-31 11:18:51",,,,,,,,,,,,,"IOM","Geneva","No Linguistic Content",,,,,"Open WorldCat",,"OCLC: 162219165",,,,,,,,,,,,,,,,,,,,,,,,,,,,,,,,,,,,,,,,,,,,,,,,,,,
"2003","International Organization for Migration","Labour migration in Asia: trends, challenges and policy responses in countries of origin","2017-08-31 11:19:42","2017-08-31 11:19:42",,,,,,,,"Labour migration in Asia",,,,,"International Organization for Migration","Geneva, Switzerland","English",,,,,"Open WorldCat",,"OCLC: 53929722",,,,,,,,,,,,,,,,,,,,,,,,,,,,,,,,,,,,,,,,,,,,,,,,,,,
"2003","International Organization for Migration","Labour migration: trends, challenges and policy responses in countries of origin","2017-08-31 11:19:42","2017-08-31 11:19:42",,,,,,,,"Labour migration",,,,,"IOM","Geneva, Switzerland","English",,,,,"Open WorldCat",,"OCLC: 654742681",,,,,,,,,,,,,,,,,,,,,,,,,,,,,,,,,,,,,,,,,,,,,,,,,,,
"2003","International Organization for Migration","Managing migration: challenges and responses for people on the move","2017-08-31 11:20:22","2017-08-31 11:20:22",,,,,,,,"Managing migration",,,,,"IOM","Geneva, Switzerland","English",,,,,"Open WorldCat",,"OCLC: 506257006",,,,,,,,,,,,,,,,,,,,,,,,,,,,,,,,,,,,,,,,,,,,,,,,,,,
"2003","International Organization for Migration; Sweden; Styrelsen för internationellt utvecklingssamarbete; Joint United Nations Programme on HIV/AIDS","Mobile populations and HIV/AIDS in the Southern African region: recommendations for action : desk review and bibliography on HIV/AIDS and mobile populations","2017-08-31 11:20:50","2017-08-31 11:20:50",,,,,,,,"Mobile populations and HIV/AIDS in the Southern African region",,,,,"International Organization for Migration","Geneva, Switzerland","English",,,,,"Open WorldCat",,"OCLC: 55530874",,,,,,,,,,,,,,,,,,,,,,,,,,,,,,,,,,,,,,,,,,,,,,,,,,,
"2003","International Organization for Migration; Consiglio Nazionale Economia e Lavoro","Contemporary immigration in Italy: current trends and future prospects.","2017-08-31 11:21:20","2017-08-31 11:21:20",,,,,,,,"Contemporary immigration in Italy",,,,,"Caritas","Rome","English",,,,,"Open WorldCat",,"OCLC: 224192985",,,,,,,,,,,,,,,,,,,,,,,,,,,,,,,,,,,,,,,,,,,,,,,,,,,
"2003","International Organization for Migration","Migration initiatives appeal 2003.","2017-08-31 11:21:49","2017-08-31 11:21:49",,,,,,,,,,,,,"IOM","Geneva","English",,,,,"Open WorldCat",,"OCLC: 822544354",,,,,,,,,,,,,,,,,,,,,,,,,,,,,,,,,,,,,,,,,,,,,,,,,,,
"2003","International Organization for Migration","World migration 2003: managing migration challenges and responses for people on the move","2017-08-31 11:22:21","2017-08-31 11:22:21",,,,,,,,"World migration 2003",,,,,"IOM","Geneva (Switzerland)","English",,,,,"Open WorldCat",,"OCLC: 449891106",,,,,,,,,,,,,,,,,,,,,,,,,,,,,,,,,,,,,,,,,,,,,,,,,,,
"2003","International Organization for Migration; Migration Policy and Research Programme","Compendium of intergovernmental organizations active in the field of migration, 2002.","2017-08-31 11:22:41","2017-08-31 11:22:41",,,,,,,,,,,,,"IOM, Migration Policy and Research Programme","Geneva","English",,,,,"Open WorldCat",,"OCLC: 153901861",,,,,,,,,,,,,,,,,,,,,,,,,,,,,,,,,,,,,,,,,,,,,,,,,,,
"2003","International Organization for Migration; Migration Policy and Research Programme","84th session of the Council 2 - 4 December 2003","2017-08-31 11:25:32","2017-08-31 11:25:32",,,,,,,,,,,,,,"Geneva","English",,,,,"Open WorldCat",,"OCLC: 931022079",,,,,,,,,,,,,,,,,,,,,,,,,,,,,,,,,,,,,,,,,,,,,,,,,,,
"2004","International Organization for Migration","Essentials of migration management. a guide for policy makers and practitioners Vol. 3 Vol. 3","2017-08-31 11:18:51","2017-08-31 11:18:51",,,,,,,,,,,,,"International Organization for Migration (IOM)","Geneva","English",,,,,"Open WorldCat",,"OCLC: 872029376",,,,,,,,,,,,,,,,,,,,,,,,,,,,,,,,,,,,,,,,,,,,,,,,,,,
"2004","International Organization for Migration","Essentials of migration management. a guide for policy makers and practitioners: Migration management foundations Vol. 1 Vol. 1","2017-08-31 11:18:51","2017-08-31 11:18:51",,,,,,,,"Essentials of migration management. a guide for policy makers and practitioners",,,,,"International Organization for Migration (IOM)","Geneva","English",,,,,"Open WorldCat",,"OCLC: 929077393",,,,,,,,,,,,,,,,,,,,,,,,,,,,,,,,,,,,,,,,,,,,,,,,,,,
"2004","International Organization for Migration","Essentials of migration management. a guide for policy makers and practitioners Vol. 2 Vol. 2","2017-08-31 11:19:42","2017-08-31 11:19:42",,,,,,,,,,,,,"International Organization for Migration (IOM)","Geneva","English",,,,,"Open WorldCat",,"OCLC: 872029375",,,,,,,,,,,,,,,,,,,,,,,,,,,,,,,,,,,,,,,,,,,,,,,,,,,
"2004","International Organization for Migration; Migration Management Services Department","Return migration policies and practices in Europe","2017-08-31 11:22:21","2017-08-31 11:22:21",,,,,,,,,,,,,"International Organization for Migration","Geneva","English",,,,,"Open WorldCat",,"OCLC: 836464216",,,,,,,,,,,,,,,,,,,,,,,,,,,,,,,,,,,,,,,,,,,,,,,,,,,
"2005","International Organization for Migration","Health and migration: bridging the gap.","2017-08-31 11:20:22","2017-08-31 11:20:22",,,,,,,,"Health and migration",,,,,"International Organization for Migration, Migration Policy and Research Programme","Geneva","English",,,,,"Open WorldCat",,"OCLC: 71805538",,,,,,,,,,,,,,,,,,,,,,,,,,,,,,,,,,,,,,,,,,,,,,,,,,,
"2005","International Organization for Migration","Managing the movement of people: what can be learned for Mode 4 of the GATS","2017-08-31 11:20:50","2017-08-31 11:20:50",,,,,,,,"Managing the movement of people",,,,,"Migration Policy, Research and Communications Department (MPRC) of the International Organization for Migration","Geneva","English",,,,,"Open WorldCat",,"OCLC: 71805532",,,,,,,,,,,,,,,,,,,,,,,,,,,,,,,,,,,,,,,,,,,,,,,,,,,
"2005","International Organization for Migration; Switzerland; Bundesamt für Migration","International agenda for migration management: common understandings and effective practices for a planned, balanced, and comprehensive approach to the management of migration = L'Agenda international pour la gestion des migrations : perceptions communes et pratiques efficaces s'inscrivant dans une approche d'ensemble planifiée et équilibrée de la gestion des migrations = Agenda internacional para la gestión de la migración : identificación de los principios comunes y de las prácticas efectivas para una perspectiva planificada, equilibrada y global de la gestión de la migración interestatal.","2017-08-31 11:20:50","2017-08-31 11:20:50",,,,,,,,"International agenda for migration management",,,,,"International Organization for Migration ; Federal Office for Migration, Switzerland","Geneva; Berne-Wabern","English",,,,,"Open WorldCat",,"OCLC: 225320884",,,,,,,,,,,,,,,,,,,,,,,,,,,,,,,,,,,,,,,,,,,,,,,,,,,
"2005","International Organization for Migration; IOM Mission in Cambodia","Project, strenthening regional security through Cambodia's enhanced border control capacity: regional conference, migration controls as a tool for consolidating security in the post-September 11 era : potential and need for enhanced cross-border cooperation : conference report, 27-28 January 2005, Siem Reap, Cambodia.","2017-08-31 11:20:50","2017-08-31 11:20:50",,,,,,,,"Project, strenthening regional security through Cambodia's enhanced border control capacity",,,,,"International Organization for Migration","Geneva, Switzerland","English",,,,,"Open WorldCat",,"OCLC: 647110717",,,,,,,,,,,,,,,,,,,,,,,,,,,,,,,,,,,,,,,,,,,,,,,,,,,
"2005","International Organization for Migration","World migration 2005: costs and benefits of international migration","2017-08-31 11:21:49","2017-08-31 11:21:49",,,,,,,,"World migration 2005",,,,,"IOM","Geneva, Switzerland","English",,,,,"Open WorldCat",,"OCLC: 693872782",,,,,,,,,,,,,,,,,,,,,,,,,,,,,,,,,,,,,,,,,,,,,,,,,,,
"2005","International Organization for Migration","World migration: costs and benefits of international migration","2017-08-31 11:21:49","2017-08-31 11:21:49",,,,,,,,"World migration",,,,,"International Organization for Migration","Geneva","English",,,,,"Open WorldCat",,"OCLC: 968475239",,,,,,,,,,,,,,,,,,,,,,,,,,,,,,,,,,,,,,,,,,,,,,,,,,,
"2005","International Organization for Migration; International Organization for Migration; Organisation Internationale pour les Migrations","Migration, development and poverty reduction in Asia","2017-08-31 11:22:41","2017-08-31 11:22:41",,,,,,,,,,,,,"International Organization for Migration","Geneva, Switzerland","English",,,,,"Open WorldCat",,"OCLC: 636349230",,,,,,,,,,,,,,,,,,,,,,,,,,,,,,,,,,,,,,,,,,,,,,,,,,,
"2006",,"Migration and human resources for health: from awareness to action.","2017-08-31 11:20:22","2017-08-31 11:20:22",,,,,,,,"Migration and human resources for health",,,,,"International Organization for Migration, Migration Policy, Research and Communications","Geneva, Switzerland","English",,,,,"Open WorldCat",,"OCLC: 123418748",,,,,,"International Organization for Migration; World Health Organization; International Labour Organization; IOM Workshop on Migration and Human Resources for Health: from Awareness to Action",,,,,,,,,,,,,,,,,,,,,,,,,,,,,,,,,,,,,,,,,,,,,
"2006",,"Conference on migration and development: 15/16 March 2006, Brussels : conference report.","2017-08-31 11:20:22","2017-08-31 11:20:22",,,,,,,,"Conference on migration and development",,,,,"International Organization for Migration, Regional Liaison and Coordination Office to the European Union","Brussels","English",,,,,"Open WorldCat",,"OCLC: 137348280",,,,,,"Conference on Migration and Development; International Organization for Migration",,,,,,,,,,,,,,,,,,,,,,,,,,,,,,,,,,,,,,,,,,,,,
"2006","International Organization for Migration; Marokko; Ministère des affaires etrangères et de la coopération","Rapport final de la conference: migrations et faits religieux à l'ère de la mondialisation; 5-6 dećembre 2005, Rabat, Maroc = Final report of the conference : migration and religion in a globalized world ; 5-6 December 2005, Rabat, Morocco","2017-08-31 11:24:13","2017-08-31 11:24:13",,,,,,,,"Rapport final de la conference",,,,,"Organisation internationale pour les migrations","Geneva","Undetermined",,,,,"Open WorldCat",,"OCLC: 927969447",,,,,,,,,,,,,,,,,,,,,,,,,,,,,,,,,,,,,,,,,,,,,,,,,,,
"2006","International Organization for Migration; United Nations Office of the High Representative for the Least Developed Countries, Landlocked Developing Countries and Small Island Developing States (UN-OHRLLS)","Final report on the Ministerial conference of the least-developed countries on enhancing the development impact of remittances.","2017-08-31 11:26:09","2017-08-31 11:26:09",,,,,,,,,,,,,"International Organization for Migration","Geneva","English and French.",,,,,"Open WorldCat",,"OCLC: 225096706",,,,,,,,,,,,,,,,,,,,,,,,,,,,,,,,,,,,,,,,,,,,,,,,,,,
"2007","International Organization for Migration","Living across worlds: Diaspora, development and transnational engagement","2017-08-31 11:20:50","2017-08-31 11:20:50",,,,,,,,"Living across worlds",,,,,"International Organization for Migration","Geneva, Switzerland","English",,,,,"Open WorldCat",,"OCLC: 464391588",,,,,,,,,,,,,,,,,,,,,,,,,,,,,,,,,,,,,,,,,,,,,,,,,,,
"2008","International Organization for Migration","Migration and Development Achieving Policy Coherence: examples of working-level policies and practices from Albania, Canada, Guatemala, Italy, the Netherlands, South Africa, Sri Lanka, the UK and elsewhere","2017-08-31 11:19:42","2017-08-31 11:19:42",,,,,,,,"Migration and Development Achieving Policy Coherence",,,,,"International Organization for migration","Genève","English",,,,,"Open WorldCat",,"OCLC: 690868765",,,,,,,,,,,,,,,,,,,,,,,,,,,,,,,,,,,,,,,,,,,,,,,,,,,
"2008","International Organization for Migration","National policy on protection and assistance to trafficked persons in Nigeria.","2017-08-31 11:20:22","2017-08-31 11:20:22",,,,,,,,,,,,,"National Agency for the Prohibition of Traffic in Persons and other Related Matters","Abuja?","English",,,,,"Open WorldCat",,"OCLC: 795403079",,,,,,,,,,,,,,,,,,,,,,,,,,,,,,,,,,,,,,,,,,,,,,,,,,,
"2008","International Organization for Migration","World migration 2008: managing labour mobility in the evolving global economy","2017-08-31 11:20:22","2017-08-31 11:20:22",,,,,,,,"World migration 2008",,,,,"nternational Oraganization for Migration","Geneva","Undetermined",,,,,"Open WorldCat",,"OCLC: 989259787",,,,,,,,,,,,,,,,,,,,,,,,,,,,,,,,,,,,,,,,,,,,,,,,,,,
"2008","International Organization for Migration","Migrants and the host society: partnerships for success","2017-08-31 11:20:50","2017-08-31 11:20:50",,,,,,,,"Migrants and the host society",,,,,"IOM","Geneva, Switzerland","English",,,,,"Open WorldCat",,"OCLC: 852903556",,,,,,,,,,,,,,,,,,,,,,,,,,,,,,,,,,,,,,,,,,,,,,,,,,,
"2008","International Organization for Migration","Expert seminar: migration and the environment.","2017-08-31 11:22:21","2017-08-31 11:22:21",,,,,,,,"Expert seminar",,,,,"International Organization for Migration","Geneva","English",,,,,"Open WorldCat",,"OCLC: 301964959",,,,,,,,,,,,,,,,,,,,,,,,,,,,,,,,,,,,,,,,,,,,,,,,,,,
"2008","International Organization for Migration; Technical Cooperation Centre for Europe and Central Asia","Review of migration management in the republic of Armenia: assessment mission report.","2017-08-31 11:23:18","2017-08-31 11:23:18",,,,,,,,"Review of migration management in the republic of Armenia",,,,,"International Organization for Migration","Yerevan, Armenia","English",,,,,"Open WorldCat",,"OCLC: 692300267",,,,,,,,,,,,,,,,,,,,,,,,,,,,,,,,,,,,,,,,,,,,,,,,,,,
"2009","International Organization for Migration","Gender and labour migration in Asia.","2017-08-31 11:18:51","2017-08-31 11:18:51",,,,,,,,,,,,,"IOM International Organization for Migration","Geneva, Switzerland","English",,,,,"Open WorldCat",,"OCLC: 495781104",,,,,,,,,,,,,,,,,,,,,,,,,,,,,,,,,,,,,,,,,,,,,,,,,,,
"2009",,"International migration law and policies in the Mediterranean context: round table = Diritto e politiche delle migrazioni nel Mediterraneo : tavola rotunda.","2017-08-31 11:20:50","2017-08-31 11:20:50",,,,,,,,"International migration law and policies in the Mediterranean context",,,,,"International Organization for Migration","Geneva, Switzerland","English, French and Italian.",,,,,"Open WorldCat",,"OCLC: 406134336",,,,,,"International Migration Law and Policies in the Mediterranean Context; International Organization for Migration",,,,,,,,,,,,,,,,,,,,,,,,,,,,,,,,,,,,,,,,,,,,,
"2009","International Organization for Migration","Laws for legal immigration in the 27 EU Member States","2017-08-31 11:21:20","2017-08-31 11:21:20",,,,,,,,,,,,,"IOM","Geneva","English",,,,,"Open WorldCat",,"OCLC: 847314474",,,,,,,,,,,,,,,,,,,,,,,,,,,,,,,,,,,,,,,,,,,,,,,,,,,
"2009","International Organization for Migration; International Institute of Humanitarian Law; International Migration Law and Policies in the Mediterranean Context; Diritto e politiche delle migrazioni nel Mediterraneo","International migration law and policies in the Mediterranean context: Round Table 15 December 2008, Sanremo, Villa Ormond = Diritto e politiche delle migrazioni nel Mediterraneo : Tavola Ronda 15-16 dicembre 2008, Sanremo, Villa Ormond = Droit et politiques des migrations dans la Méditerranée : Table Ronde 15-16 décembre 2008 : Sanremo, Villa Ormond","2017-08-31 11:24:13","2017-08-31 11:24:13",,,,,,,,"International migration law and policies in the Mediterranean context",,,,,"IOM, International Organizaton for Migration","Geneva","English",,,,,"Open WorldCat",,"OCLC: 751871482",,,,,,,,,,,,,,,,,,,,,,,,,,,,,,,,,,,,,,,,,,,,,,,,,,,
"2009","International Organization for Migration","Climate change, environmental degradation and migration addressing vulnerabilities and harnessing opportunities = Changements climatiques, degradation de l'environnement et migrations: remedier aux faiblesses et saisir les opportunites = El cambio climático, la degradación del medio ambiente y la migración : qué hacer ante las circunstancias de vulnerabilidad de la población y cómo aprovechar las oportunidades de solventar el problema","2017-08-31 11:24:13","2017-08-31 11:24:13",,,,,,,,"Climate change, environmental degradation and migration addressing vulnerabilities and harnessing opportunities = Changements climatiques, degradation de l'environnement et migrations",,,,,"International Organization for Migration","Geneva","English",,,,,"Open WorldCat",,"OCLC: 801733145",,,,,,,,,,,,,,,,,,,,,,,,,,,,,,,,,,,,,,,,,,,,,,,,,,,
"2009","International Organization for Migration","Guiding principles on memoranda of understanding between key stakeholders and law enforcement agencies on counter-trafficking cooperation a handbook for policy-makers and practitioners","2017-08-31 11:26:09","2017-08-31 11:26:09",,,,,,,,,,,,,"Internat. Organization for Migration [u.a.","Geneva [u.a.","English",,,,,"Open WorldCat",,"OCLC: 746255856",,,,,,,,,,,,,,,,,,,,,,,,,,,,,,,,,,,,,,,,,,,,,,,,,,,
"2009","International Organization for Migration","Working to prevent and address violence against women migrant workers","2017-08-31 11:26:09","2017-08-31 11:26:09",,,,,,,,,,,,,"IOM International Organization for Migration","Geneva","English",,,,,"Open WorldCat",,"OCLC: 852652962",,,,,,,,,,,,,,,,,,,,,,,,,,,,,,,,,,,,,,,,,,,,,,,,,,,
"2009","International Organization for Migration","Asylum procedures report on policies and practices in IGC participating States","2017-08-31 11:26:09","2017-08-31 11:26:09",,,,,,,,,,,,,"IGC, Intergovernmental Consultations on Migration, Asylum and Refugees","Geneva","English",,,,,"Open WorldCat",,"OCLC: 868353286",,,,,,,,,,,,,,,,,,,,,,,,,,,,,,,,,,,,,,,,,,,,,,,,,,,
"2010","International Organization for Migration","Disaster risk reduction, climate change adaptation and environmental migration: a policy perspective.","2017-08-31 11:19:42","2017-08-31 11:19:42",,,,,,,,"Disaster risk reduction, climate change adaptation and environmental migration",,,,,"International Organization for Migration","Geneva","English",,,,,"Open WorldCat",,"OCLC: 690225680",,,,,,,,,,,,,,,,,,,,,,,,,,,,,,,,,,,,,,,,,,,,,,,,,,,
"2010","International Organization for Migration; International Institute of Humanitarian Law","International migration law and policies: responding to migration challenges in Western and Northern Africa = Droit et politiques des migrations internationales : réponses aux défis de la migration en Afrique de l'Ouest et du Nord.","2017-08-31 11:20:22","2017-08-31 11:20:22",,,,,,,,"International migration law and policies",,,,,"International Organization for Migration ; International Institute of Humanitarian Law","Geneva; Sanremo, Italy","English",,,,,"Open WorldCat",,"OCLC: 698182304",,,,,,,,,,,,,,,,,,,,,,,,,,,,,,,,,,,,,,,,,,,,,,,,,,,
"2010","International Organization for Migration","Migration, employment and labour market integration policies in the European Union","2017-08-31 11:20:22","2017-08-31 11:20:22",,,,,,,,,,,,,"IOM Regional mission :  Independent Network of Labour Migration and Integration Experts.","Brussels","English",,,,,"Open WorldCat",,"OCLC: 847382157",,,,,,,,,,,,,,,,,,,,,,,,,,,,,,,,,,,,,,,,,,,,,,,,,,,
"2010",,"Free movement of persons in regional integration processes = La libre circulation des personnes dans les processus d'integration regionale = La libre circulación de personas en los procesos de integración regional.","2017-08-31 11:21:20","2017-08-31 11:21:20",,,,,,,,,,,,,,,"In English, French and Spanish in separate sections each with its own title page.",,,,,"Open WorldCat",,"OCLC: 808215546",,,,,,"International Organization for Migration",,,,,,,,,,,,,,,,,,,,,,,,,,,,,,,,,,,,,,,,,,,,,
"2010","International Organization for Migration; Migration Policy and Research Department","Managing return migration","2017-08-31 11:21:49","2017-08-31 11:21:49",,,,,,,,,,,,,,"Geneva","Text engl., franz. und span.",,,,,"Open WorldCat",,"OCLC: 931003051",,,,,,,,,,,,,,,,,,,,,,,,,,,,,,,,,,,,,,,,,,,,,,,,,,,
"2010","International Organization for Migration; Eurasylum","The future of migration: building capacities for change : February - June 2010.","2017-08-31 11:22:41","2017-08-31 11:22:41",,,,,,,,"The future of migration",,,,,"International Organization for Migration","Geneva, Switzerland","English",,,,,"Open WorldCat",,"OCLC: 708332867",,,,,,,,,,,,,,,,,,,,,,,,,,,,,,,,,,,,,,,,,,,,,,,,,,,
"2010","International Organization for Migration; Migration Policy and Research Department","Enhancing the role of return migration in fostering development","2017-08-31 11:22:41","2017-08-31 11:22:41",,,,,,,,,,,,,,"Geneva","Text engl., franz. und span.",,,,,"Open WorldCat",,"OCLC: 931003214",,,,,,,,,,,,,,,,,,,,,,,,,,,,,,,,,,,,,,,,,,,,,,,,,,,
"2010","International Organization for Migration; International Centre for Migration Policy Development (Vienna)","MTM: a dialogue in action : linking emigrant communities for more development : inventory of institutional capacities and practices : joint ICMPD-IOM project [Arabic edition","2017-08-31 11:24:13","2017-08-31 11:24:13",,,,,,,,"MTM",,,,,"International Organization for Migration ; International Centre for Migration Policy Development","Geneva; Vienna","Title and text in Arabic.",,,,,"Open WorldCat",,"OCLC: 822572067",,,,,,,,,,,,,,,,,,,,,,,,,,,,,,,,,,,,,,,,,,,,,,,,,,,
"2010","International Organization for Migration; International Centre for Migration Policy Development","Inventory of institutional capacities and practices MTM: a dialogue in action, linking emigrant communities for more development","2017-08-31 11:25:32","2017-08-31 11:25:32",,,,,,,,"Inventory of institutional capacities and practices MTM",,,,,"IOM International Organization for Migration","Geneva","English",,,,,"Open WorldCat",,"OCLC: 775702078",,,,,,,,,,,,,,,,,,,,,,,,,,,,,,,,,,,,,,,,,,,,,,,,,,,
"2010","International Organization for Migration; Schweden; Justitiedepartementet","Towards global EU-action against trafficking in human beings: project report","2017-08-31 11:25:32","2017-08-31 11:25:32",,,,,,,,"Towards global EU-action against trafficking in human beings",,,,,"International Organization for Migration","Geneva","English",,,,,"Open WorldCat",,"OCLC: 927969341",,,,,,,,,,,,,,,,,,,,,,,,,,,,,,,,,,,,,,,,,,,,,,,,,,,
"2010","International Organization for Migration; Migration Policy and Research Department; Workshop ""Free Movement of Persons in Regional Integration Processes""","Free movement of persons in regional integration processes","2017-08-31 11:25:32","2017-08-31 11:25:32",,,,,,,,,,,,,,"Geneva","Text engl., franz. und span.",,,,,"Open WorldCat",,"OCLC: 931002769",,,,,,,,,,,,,,,,,,,,,,,,,,,,,,,,,,,,,,,,,,,,,,,,,,,
"2010","International Organization for Migration; Migration Policy and Research Department","Making global labour mobility a catalyst for development","2017-08-31 11:25:32","2017-08-31 11:25:32",,,,,,,,,,,,,,"Geneva","English",,,,,"Open WorldCat",,"OCLC: 931022249",,,,,,,,,,,,,,,,,,,,,,,,,,,,,,,,,,,,,,,,,,,,,,,,,,,
"2010","International Organization for Migration","Maximizing the development impact of migration-related financial flows and investment to Bosnia and Herzegovina","2017-08-31 11:26:09","2017-08-31 11:26:09",,,,,,,,,,,,,"International Organization for Migration","Geneva","English",,,,,"Open WorldCat",,"OCLC: 798919870",,,,,,,,,,,,,,,,,,,,,,,,,,,,,,,,,,,,,,,,,,,,,,,,,,,
"2011","International Organization for Migration; Eurasylum","Migration policy practice.","2017-08-31 11:18:51","2017-08-31 11:18:51",,,,,,,,,,,,,,,"English",,,,,"Open WorldCat",,"OCLC: 761893740",,,,,,,,,,,,,,,,,,,,,,,,,,,,,,,,,,,,,,,,,,,,,,,,,,,
"2011","International Organization for Migration","Migration policy practice journal a bimonthly review by and for policymakers worldwide","2017-08-31 11:18:51","2017-08-31 11:18:51",,,,,,,,,,,,,"IOM","Genève","English",,,,,"Open WorldCat",,"OCLC: 820496074",,,,,,,,,,,,,,,,,,,,,,,,,,,,,,,,,,,,,,,,,,,,,,,,,,,
"2011","International Organization for Migration","World migration report 2011: communicating effectively about migration","2017-08-31 11:19:42","2017-08-31 11:19:42",,,,,,,,"World migration report 2011",,,,,"International Organization for Migration","Geneva","English",,,,,"Open WorldCat",,"OCLC: 768796681",,,,,,,,,,,,,,,,,,,,,,,,,,,,,,,,,,,,,,,,,,,,,,,,,,,
"2011","International Organization for Migration","An analysis of migration health in Kenya.","2017-08-31 11:22:21","2017-08-31 11:22:21",,,,,,,,,,,,,"International Organization for Migration ; Regional Mission for East & Central Africa","Geneva, Switzerland]; Nairobi, Kenya","English",,,,,"Open WorldCat",,"OCLC: 741364758",,,,,,,,,,,,,,,,,,,,,,,,,,,,,,,,,,,,,,,,,,,,,,,,,,,
"2011","International Organization for Migration; Migration Policy and Research Department","Migration and social change","2017-08-31 11:22:21","2017-08-31 11:22:21",,,,,,,,,,,,,,"Geneva","Text engl., franz. und span.",,,,,"Open WorldCat",,"OCLC: 931003700",,,,,,,,,,,,,,,,,,,,,,,,,,,,,,,,,,,,,,,,,,,,,,,,,,,
"2011","International Organization for Migration","Third global meeting of Chairs and Secretariats of regional consultative processes on migration (RCPs) enhancing cooperation on migration through dialogue and capacity-building, Gaborone, Botswana, 25 - 26 October 2011, summary report","2017-08-31 11:23:18","2017-08-31 11:23:18",,,,,,,,,,,,,"International Organization for Migration","Geneva","English",,,,,"Open WorldCat",,"OCLC: 984764256",,,,,,,,,,,,,,,,,,,,,,,,,,,,,,,,,,,,,,,,,,,,,,,,,,,
"2011","International Organization for Migration","Integrating migration, development and remittances into the programme of action of the Fourth United Nations Conference on the Least Developed Countries (UNLDC-IV) 2011)","2017-08-31 11:24:13","2017-08-31 11:24:13",,,,,,,,,,,,,"Internat. Organization for Migration","Geneva [u.a.","English",,,,,"Open WorldCat",,"OCLC: 740971396",,,,,,,,,,,,,,,,,,,,,,,,,,,,,,,,,,,,,,,,,,,,,,,,,,,
"2012",,"Managing migration in crisis situations.","2017-08-31 11:19:42","2017-08-31 11:19:42",,,,,,,,,,,,,,,"English",,,,,"Open WorldCat",,"OCLC: 857347356",,,,,,"International Organization for Migration",,,,,,,,,,,,,,,,,,,,,,,,,,,,,,,,,,,,,,,,,,,,,
"2012",,"Economic cycles, demographic change and migration","2017-08-31 11:20:22","2017-08-31 11:20:22",,,,,,,,,,,,,"IOM","Geneva","English",,,,,"Open WorldCat",,"OCLC: 870638431",,,,,,"International Organization for Migration",,,,,,,,,,,,,,,,,,,,,,,,,,,,,,,,,,,,,,,,,,,,,
"2012","International Organization for Migration; International Labour Office","Intraregional labour migration flows: current situation, challenges and opportunities in Central America and the Dominican Republic : country report Belize","2017-08-31 11:20:50","2017-08-31 11:20:50",,,,,,,,"Intraregional labour migration flows",,,,,"IOM","Geneva","English",,,,,"Open WorldCat",,"OCLC: 876886123",,,,,,,,,,,,,,,,,,,,,,,,,,,,,,,,,,,,,,,,,,,,,,,,,,,
"2013","International Organization for Migration","Children on the move","2017-08-31 11:18:51","2017-08-31 11:18:51",,,,,,,,,,,,,"International Organization for Migration","Geneva, Switzerland","English",,,,,"Open WorldCat",,"OCLC: 856524296",,,,,,,,,,,,,,,,,,,,,,,,,,,,,,,,,,,,,,,,,,,,,,,,,,,
"2013","International Organization for Migration; Weltgesundheitsorganisation; United Nations; High Commissioner for Human Rights","International migration, health and human rights","2017-08-31 11:22:21","2017-08-31 11:22:21",,,,,,,,,,,,,"International Organization for Migration","Geneva","English",,,,,"Open WorldCat",,"OCLC: 927968886",,,,,,,,,,,,,,,,,,,,,,,,,,,,,,,,,,,,,,,,,,,,,,,,,,,
"2013","International Organization for Migration; IOM International Dialogue on Migration 'Managing Migration in Crisis Situations'","Moving to safety: migration consequences of complex crises","2017-08-31 11:22:41","2017-08-31 11:22:41",,,,,,,,"Moving to safety",,,,,"IOM","Geneva","English",,,,,"Open WorldCat",,"OCLC: 870630435",,,,,,,,,,,,,,,,,,,,,,,,,,,,,,,,,,,,,,,,,,,,,,,,,,,
"2013","International Organization for Migration","Trafficked at sea the exploitation of Ukrainian seafarers and fishers 2012","2017-08-31 11:26:09","2017-08-31 11:26:09",,,,,,,,,,,,,"International Organization for Migration","Geneva","English",,,,,"Open WorldCat",,"OCLC: 846956237",,,,,,,,,,,,,,,,,,,,,,,,,,,,,,,,,,,,,,,,,,,,,,,,,,,
"2014","International Organization for Migration","Assessment of priorities for the development of Libya's migration policy a strategic vision","2017-08-31 11:18:51","2017-08-31 11:18:51",,,,,,,,,,,,,"International Organization for Migration","Geneva [u.a.","English",,,,,"Open WorldCat",,"OCLC: 923566761",,,,,,,,,,,,,,,,,,,,,,,,,,,,,,,,,,,,,,,,,,,,,,,,,,,
"2014","International Organization for Migration","Outlook on migration, environment and climate change","2017-08-31 11:20:22","2017-08-31 11:20:22",,,,,,,,,,,,,"International Organization for Migration","Geneva","English",,,,,"Open WorldCat",,"OCLC: 908620617",,,,,,,,,,,,,,,,,,,,,,,,,,,,,,,,,,,,,,,,,,,,,,,,,,,
"2014","International Organization for Migration","Needs assessment human trafficking in the Western Balkans","2017-08-31 11:26:09","2017-08-31 11:26:09",,,,,,,,,,,,,"Internat. Organization for Migration","Geneva","Undetermined",,,,,"Open WorldCat",,"OCLC: 899619010",,,,,,,,,,,,,,,,,,,,,,,,,,,,,,,,,,,,,,,,,,,,,,,,,,,
"2014","International Organization for Migration","Humanitarian border management in the Silk Routes region Afghanistan, Iraq and Pakistan","2017-08-31 11:26:09","2017-08-31 11:26:09",,,,,,,,,,,,,"Internat. Organization for Migration","Geneva","Undetermined",,,,,"Open WorldCat",,"OCLC: 899619026",,,,,,,,,,,,,,,,,,,,,,,,,,,,,,,,,,,,,,,,,,,,,,,,,,,
"2015","International Organization for Migration","World Migration Report: 2015.","2017-08-31 11:22:21","2017-08-31 11:22:21",,,,,,,,"World Migration Report",,,,,"International Organization for Migration (IOM)","CH - 1211 Geneva 19","English",,,,,"Open WorldCat",,"OCLC: 954581801",,,,,,,,,,,,,,,,,,,,,,,,,,,,,,,,,,,,,,,,,,,,,,,,,,,
"2015","International Organization for Migration","Survey on migration policies in West Africa","2017-08-31 11:22:41","2017-08-31 11:22:41",,,,,,,,,,,,,"International Organization for Migration","Geneva","English",,,,,"Open WorldCat",,"OCLC: 923566513",,,,,,,,,,,,,,,,,,,,,,,,,,,,,,,,,,,,,,,,,,,,,,,,,,,
"2015","International Organization for Migration","Assessment of data collection and statistics on international migration in Libya","2017-08-31 11:23:18","2017-08-31 11:23:18",,,,,,,,,,,,,"International Organization for Migration","Geneva","English",,,,,"Open WorldCat",,"OCLC: 934163523",,,,,,,,,,,,,,,,,,,,,,,,,,,,,,,,,,,,,,,,,,,,,,,,,,,
"2016","International Organization for Migration","Egyptian unaccompanied migrant children: a case study on irregular migration","2017-08-31 11:22:41","2017-08-31 11:22:41",,,,,,,,"Egyptian unaccompanied migrant children",,,,,"International Organization for Migration","Geneva","English",,,,,"Open WorldCat",,"OCLC: 946558478",,,,,,,,,,,,,,,,,,,,,,,,,,,,,,,,,,,,,,,,,,,,,,,,,,,
"2016","International Organization for Migration","Assessing the risks of migration along the central and eastern Mediterranean routes: Iraq and Nigeria as case study countries","2017-08-31 11:23:18","2017-08-31 11:23:18",,,,,,,,"Assessing the risks of migration along the central and eastern Mediterranean routes",,,,,,,"English",,,,,"Open WorldCat",,"OCLC: 971367040",,,,,,,,,,,,,,,,,,,,,,,,,,,,,,,,,,,,,,,,,,,,,,,,,,,
"2016","International Organization for Migration","Assessing the climate change environmental degradation and migration nexus in South Asia","2017-08-31 11:23:18","2017-08-31 11:23:18",,,,,,,,,,,,,,,"French",,,,,"Open WorldCat",,"OCLC: 986499448",,,,,,,,,,,,,,,,,,,,,,,,,,,,,,,,,,,,,,,,,,,,,,,,,,,
"2016","International Organization for Migration","Assessing the climate change environmental degradation and migration nexus in South Asia","2017-08-31 11:23:18","2017-08-31 11:23:18",,,,,,,,,,,,,"International Organization for Migration (IOM) Bangladesh","Dhaka, Bangladesh","English",,,,,"Open WorldCat",,"OCLC: 990143714",,,,,,,,,,,,,,,,,,,,,,,,,,,,,,,,,,,,,,,,,,,,,,,,,,,
"2016","International Organization for Migration","Regional guidelines for the development of bilateral labour agreements in the Southern African Development Community","2017-08-31 11:25:32","2017-08-31 11:25:32",,,,,,,,,,,,,,,"English",,,,,"Open WorldCat",,"OCLC: 971366929",,,,,,,,,,,,,,,,,,,,,,,,,,,,,,,,,,,,,,,,,,,,,,,,,,,
"2017","International Organization for Migration","Directives régionales pour le développement des accords bilatéraux de travail dans la Communauté de Développement de l'Afrique australe","2017-08-31 11:25:32","2017-08-31 11:25:32",,,,,,,,,,,,,,,"French",,,,,"Open WorldCat",,"OCLC: 989884575",,,,,,,,,,,,,,,,,,,,,,,,,,,,,,,,,,,,,,,,,,,,,,,,,,,
